Company,Person,POC,Patient Data?,Consumer facing?,Description
AKASA,John Hallman,Brian,,,
Alector,,,No,No,
ALIS by Medtelligent,,,,,
AllStripes,,,,,
BenevolentAI,,,,,
Butterfly Network,,,,,
Calm,,,,,
CapitalRx,,,,,
CareRev,,,,,
Carrot Fertility,,,,,
Cedar,,,,,
Cerebral,,,,,
CertifyOS,,,,,
Click Therapeutics,,,,,
Cohere Health,,,,,
connectRN,,,,,
DearDoc,,,,,
Deep 6 AI,,,,,
Definitive Healthcare,,,,,
Doximity,,,,,
eClinical Solutions,,,,,
eHealth Technologies,,,,,
ESO,,,,,
firsthand Health,,,,,
Flatiron Health,,,,,
Freenome,,,,,
Garner Health,,,,,
GRAIL,,,,,
Evidation,,,,,
Grow Therapy,,,,,
Headspace,,,,,
Headway,,,,,
HealthTap,,,,,
Helix,,,,,
hims & hers,,,,,
Hinge Health,,,,,
Inato,,,,,
Included Health,,,,,
Inscopix,,,,,
IntelyCare,,,,,
iRhythm Technologies,,,,,
K Health,,,,,
Kyruus,,,,,
Lark,,,,,
Lumeon,,,,,
Maven Clinic,,,,,
Medallion,,,,,
Medely,,,,,
Medically Home,,,,,
MedTrans Go,,,,,
Modivcare,,,,,
Nomad Health,,,,,
Noyo,,,,,
NuvoAir,,,,,
Nymbl Science,,,,,
Octave,,,,,
Paige,,,,,
Parachute Health,,,,,
Parsley Health,,,,,
Path,,,,,
Pearl Health,,,,,
Pulse Analytics,,,,,
RealSelf,,,,,
Redesign Health,,,,,
Ro,,,,,
SonderMind,,,,,
Stellar Health,,,,,
Strata Decision Technology,,,,,
Strive Health,,,,,
Tebra,,,,,
Tempus,,,,,
Thyme Care,,,,,
TigerConnect,,,,,
TrialSpark,,,,,
Twin Health,,,,,
Verge Genomics,,,,,
Walgreens,,,,,
Waltz Health,,,,,
Wellframe,,,,,
Lyra Health,,,,,
Veeva,,,,,
Align Technology,,,,,
10X Genomics,,,,,
Glooko,,,,,
Komodo Health,,,,,
Meru Health,,,,,
Clipboard Health,,,,,
Embleema,,,,,
Nference,,,,,
Novoic,,,,,
Aunt Bertha,,,,,
Paige.ai,,,,,
Bedr,,,,,
Tomorrow Health,,,,,
Breathe99,,,,,
Dispatch Health,,,,,
TytoCare,,,,,
FOLX Health,,,,,
Devoted Health,,,,,
Insitro,,,,,
Carbon Health,,,,,
Medable,,,,,
Kriya Therapeutics,,,,,
BetterUp,,,,,
WorkIt Health,,,,,
Brightline,,,,,
Vori Health,,,,,
Circulo Health,,,,,
Covera Health,,,,,
Rightway,,,,,
Lyfegen,,,,,
Medely,,,,,
Trusted Health,,,,,
HealthSherpa,,,,,
Neurogene,,,,,
Fastic,,,,,
Cityblock Health,,,,,
HiberCell,,,,,
One Step Software,,,,,
Curology,,,,,
Found,,,,,
Caption Health,,,,,
Ophelia,,,,,
Bicycle health,,,,,
Capsule,,,,,
Alo Pharmacy,,,,,
NexHealth,,,,,
Memory Health,,,,,
Zus Health,,,,,
Synchron,,,,,
Ostro,,,,,
Fathom,,,,,
Viome,,,,,
Brightside,,,,,
AliveCor,,,,,
Abridge,,,,,
KRY,,,,,
Mirvie,,,,,
AcuityMD,,,,,
Turquoise Health,,,,,
Loop Health,,,,,
Valar Labs,,,,,
Viz,,,,,
Season Health,,,,,
Deepcell,,,,,
SmithRx,,,,,
BillionToOne,,,,,
Qventus,,,,,
Scipher Medicine,,,,,
Future,,,,,
Pace,,,,,
Pristyn Care,,,,,
Robin Healthcare,,,,,
Therify,,,,,
SWORD Health,,,,,
Fountain Therapeutics,,,,,
Benchling,,,,,
Ribbon Health,,,,,
Cambridge Epigenetix,,,,,
Zeit Medical,,,,,
Truepill,,,,,
Sprinter Health,,,,,
Lightship,,,,,
Elemeno Health,,,,,
Nimble Pharmacy,,,,,
TrialSpark,,,,,
Loyal,,,,,
ROME Therapeutics,,,,,
GenEdit,,,,,
HeartLab,,,,,
Calibrate,,,,,
Centaur Labs,,,,,
Solv Health,,,,,
Thrive Global,,,,,
Aviron,,,,,
Modern Animal,,,,,
Connie Health,,,,,
CureFit,,,,,
Portea Medical,,,,,
Axio Biosolutions,,,,,
CareStack,,,,,
Multiply Labs,,,,,
Cofactor Genomics,,,,,
Bot MD,,,,,
H1,,,,,
Contraline,,,,,
Nanotronics Imaging,,,,,
Collective Health,,,,,
Virta Health,,,,,
Emulate,,,,,
Teckro,,,,,
Modern Health,,,,,
Florence Healthcare,,,,,
Fractyl Labs,,,,,
PharmEasy,,,,,
Decibel Therapeutics,,,,,
Centivo,,,,,
Verato,,,,,
Weave Communications,,,,,
Bright HealthCare,,,,,
Kinsa,,,,,
Honor,,,,,
Cedar,,,,,
Dyno Therapeutics,,,,,
Color,,,,,
Genalyte,,,,,
Flow Neuroscience,,,,,
Deep Genomics,,,,,
Inflammatix,,,,,
Tempo,,,,,
Oscar Health,,,,,
Forward,,,,,
Docbot,,,,,
Zipline,,,,,
Brii Biosciences,,,,,
Turtlemint,,,,,
Pendulum Therapeutics,,,,,
Limbix,,,,,
Olive,,,,,
Noom,,,,,
Zenoti,,,,,
FidoCure,,,,,
Pelago,,,,,
Lilia,,,,,
Helium Health,,,,,
Pair Team,,,,,
Peptilogics,,,,,
COMPASS Pathways,,,,,
Kymera Therapeutics,,,,,
DocsApp,,,,,
Accolade,,,,,
Eligo Bioscience,,,,,
Atomwise,,,,,
Probably Genetic,,,,,
Karius,,,,,
Yes Health,,,,,
HeartVista,,,,,
Clear Labs,,,,,
Siolta Therapeutics,,,,,
Siren Health,,,,,
Curai Health,,,,,
Practo,,,,,
Strava,,,,,
Vivace Therapeutics,,,,,
MedGenome,,,,,
Biofourmis,,,,,
Orasis Pharmaceuticals,,,,,
MedCrypt,,,,,
Candid,,,,,
SmileDirectClub,,,,,
Vicarious Surgical,,,,,
Daye,,,,,
Neurotrack,,,,,
Health Catalyst,,,,,
UNITY Biotechnology,,,,,
Naked Labs,,,,,
10% Happier,,,,,
voxelcloud,,,,,
Vaccitech,,,,,
Quince Therapeutics,,,,,
Amino,,,,,
BloomText,,,,,
thMednet,,,,,
Nuna,,,,,
Health IQ,,,,,
Catalia Health,,,,,
Guardant Health,,,,,
Luminostics,,,,,
TransMedics,,,,,
Grokker,,,,,
Clover Health,,,,,
Omada Health,,,,,
Oxford Nanopore Technologies,,,,,
Nymbl Science,,,,,
Doctify,,,,,
AltoPharmacy,,,,,
ThymeCare,,,,,
Oura,,,,,
Aiforia,,,,,
Agendia,,,,,
Metriport,,,,,
Malama,,,,,
PneumaHealth,,,,,
DoctorLink,,,,,
Thriva,,,,,
Huma Therapeutics,,,,,
LloydsDirect,,,,,
DNANudge,,,,,
First Dollar,,,,,
Inato,,,,,
Headway,,,,,
Ganymed Robotics,,,,,
OchreBio,,,,,
Lifelet Medical,,,,,
MindMaze,,,,,
Onera Health,,,,,
Kheiron Medical,,,,,
NAOMI,,,,,
Ava,,,,,
Doctolib,,,,,
Amra,,,,,
Ottonova,,,,,
Oviva,,,,,
AccuRx,,,,,
Second Nature,,,,,
Peachy,,,,,
Modern Fertility,,,,,
Novoic,,,,,
Plush Care,,,,,
PatientPop,,,,,